schema_version,record_type,phase,case,nlat,nlon,exclusive_lmax_mmax,transform,implementation,dtype,batch_size,measurement,status,reason,warmup,repeat,samples_s,median_s,minimum_s,milliseconds_per_batch,milliseconds_per_frame,frames_per_second,module_buffer_bytes,estimated_module_bytes,estimated_initial_peak_bytes,estimated_construction_peak_rss_bytes,constructor_seconds,constructor_peak_allocated_bytes,constructor_peak_reserved_bytes,host_rss_before_construction_bytes,host_rss_after_construction_bytes,host_peak_rss_during_construction_bytes,host_memory_limit_bytes,host_memory_budget_bytes,cuda_device_name,cuda_total_memory_bytes,cuda_allocated_before_input_bytes,cuda_reserved_before_input_bytes,cuda_allocated_before_forward_bytes,cuda_reserved_before_forward_bytes,cuda_peak_allocated_bytes,cuda_peak_reserved_bytes,runtime_extra_allocated_bytes,runtime_extra_reserved_bytes,input_bytes,predicted_peak_bytes,memory_budget_bytes,memory_budget_fraction,source_sha,benchmark_code_sha,worker_pid,worker_returncode,worker_stderr_tail,started_at,finished_at,traceback
sht_bench.torch_bc_resolution_scaling.v1,performance,phase_b_batch,361x720x360,361,720,360,vector,runtime_fold,float32,1024,forward,skipped_predicted_capacity,previous batch 512 was oom_cuda; larger batches not launched,,,,,,,,,,374293808,9078499272,4068092288,,,,,,,,82463372083,,,,,,,,,,,,36128056935,10897797939,0.85,,,,,,,,
sht_bench.torch_bc_resolution_scaling.v1,performance,phase_b_batch,721x1440x720,721,1440,720,scalar,runtime_fold,float32,512,forward,skipped_predicted_capacity,previous batch 256 was oom_cuda; larger batches not launched,,,,,,,,,,1495083608,10747887492,13034410688,,,,,,,,82463372083,,,,,,,,,,,,37487011431,10897797939,0.85,,,,,,,,
sht_bench.torch_bc_resolution_scaling.v1,performance,phase_b_batch,721x1440x720,721,1440,720,scalar,runtime_fold,float32,1024,forward,skipped_predicted_capacity,previous batch 256 was oom_cuda; larger batches not launched,,,,,,,,,,1495083608,19253149572,13034410688,,,,,,,,82463372083,,,,,,,,,,,,73162083533,10897797939,0.85,,,,,,,,
sht_bench.torch_bc_resolution_scaling.v1,performance,phase_b_batch,721x1440x720,721,1440,720,scalar,precomputed_projection,float32,512,forward,skipped_predicted_capacity,predicted CUDA peak 12990458880 exceeds budget 10897797939,,,,,,,,,,2990131200,12990458880,24994791424,,,,,,,,82463372083,,,,,,,,,,,,13833653453,10897797939,0.85,,,,,,,,
sht_bench.torch_bc_resolution_scaling.v1,performance,phase_b_batch,721x1440x720,721,1440,720,scalar,precomputed_projection,float32,1024,forward,skipped_predicted_capacity,previous batch 512 was skipped_predicted_capacity; larger batches not launched,,,,,,,,,,2990131200,21495720960,24994791424,,,,,,,,82463372083,,,,,,,,,,,,24030845338,10897797939,0.85,,,,,,,,
sht_bench.torch_bc_resolution_scaling.v1,performance,phase_b_batch,721x1440x720,721,1440,720,vector,runtime_fold,float32,256,forward,skipped_predicted_capacity,previous batch 128 was oom_cuda; larger batches not launched,,,,,,,,,,2990149208,12990485892,24994935488,,,,,,,,82463372083,,,,,,,,,,,,39291401012,10897797939,0.85,,,,,,,,
sht_bench.torch_bc_resolution_scaling.v1,performance,phase_b_batch,721x1440x720,721,1440,720,vector,runtime_fold,float32,512,forward,skipped_predicted_capacity,previous batch 128 was oom_cuda; larger batches not launched,,,,,,,,,,2990149208,21495747972,24994935488,,,,,,,,82463372083,,,,,,,,,,,,74979894887,10897797939,0.85,,,,,,,,
sht_bench.torch_bc_resolution_scaling.v1,performance,phase_b_batch,721x1440x720,721,1440,720,vector,runtime_fold,float32,1024,forward,skipped_predicted_capacity,previous batch 128 was oom_cuda; larger batches not launched,,,,,,,,,,2990149208,38506272132,24994935488,,,,,,,,82463372083,,,,,,,,,,,,146356882637,10897797939,0.85,,,,,,,,
sht_bench.torch_bc_resolution_scaling.v1,performance,phase_b_batch,721x1440x720,721,1440,720,vector,precomputed_projection,float32,64,forward,skipped_predicted_capacity,predicted CUDA peak 11096709120 exceeds budget 10897797939,,,,,,,,,,5980262400,11096709120,48915841024,,,,,,,,82463372083,,,,,,,,,,,,10438783796,10897797939,0.85,,,,,,,,
sht_bench.torch_bc_resolution_scaling.v1,performance,phase_b_batch,721x1440x720,721,1440,720,vector,precomputed_projection,float32,128,forward,skipped_predicted_capacity,previous batch 64 was skipped_predicted_capacity; larger batches not launched,,,,,,,,,,5980262400,13223024640,48915841024,,,,,,,,82463372083,,,,,,,,,,,,13660009268,10897797939,0.85,,,,,,,,
sht_bench.torch_bc_resolution_scaling.v1,performance,phase_b_batch,721x1440x720,721,1440,720,vector,precomputed_projection,float32,256,forward,skipped_predicted_capacity,previous batch 64 was skipped_predicted_capacity; larger batches not launched,,,,,,,,,,5980262400,17475655680,48915841024,,,,,,,,82463372083,,,,,,,,,,,,20102460212,10897797939,0.85,,,,,,,,
sht_bench.torch_bc_resolution_scaling.v1,performance,phase_b_batch,721x1440x720,721,1440,720,vector,precomputed_projection,float32,512,forward,skipped_predicted_capacity,previous batch 64 was skipped_predicted_capacity; larger batches not launched,,,,,,,,,,5980262400,25980917760,48915841024,,,,,,,,82463372083,,,,,,,,,,,,32987362100,10897797939,0.85,,,,,,,,
sht_bench.torch_bc_resolution_scaling.v1,performance,phase_b_batch,721x1440x720,721,1440,720,vector,precomputed_projection,float32,1024,forward,skipped_predicted_capacity,previous batch 64 was skipped_predicted_capacity; larger batches not launched,,,,,,,,,,5980262400,42991441920,48915841024,,,,,,,,82463372083,,,,,,,,,,,,58757165876,10897797939,0.85,,,,,,,,
sht_bench.torch_bc_resolution_scaling.v1,performance,phase_c_float64_safety_gate,721x1440x720,721,1440,720,vector,precomputed_projection,float64,1,forward,skipped_predicted_capacity,estimated module 11960524800 exceeds CUDA budget 10897797939; predicted CUDA peak 18007234560 exceeds budget 10897797939; estimated construction RSS 96757940224 exceeds host budget 82463372083,,,,,,,,,,11960524800,18007234560,96757940224,,,,,,,,82463372083,,,,,,,,,,,,18007234560,10897797939,0.85,,,,,,,,
sht_bench.torch_bc_resolution_scaling.v1,performance,phase_a_resolution,361x720x360,361,720,360,scalar,runtime_fold,float32,1,forward,completed,,2,5,"[0.00102935, 0.001003521, 0.001004884, 0.001006276, 0.000998372]",0.001004884,0.000998372,1.0048839999999999,1.0048839999999999,995.1397375219428,187151404,187151408,284885832,2570953088,2.0387963249813765,187152384,190840832,18518016,735531008,1479507968,103079215104,82463372083,NVIDIA GeForce RTX 5070,12378112000,187152384,190840832,221746688,249561088,233163776,249561088,46011392,58720256,1039680,,10897797939,0.85,f4cc65515d79d66ff7ab1f02d53518e0b063fc99,8e139a6b7930691ffd6308786abbbfcafcbf4d8a,1770803,0,,2026-09-17T19:02:36.121510+00:00,2026-09-17T19:02:39.540184+00:00,
sht_bench.torch_bc_resolution_scaling.v1,performance,phase_a_resolution,361x720x360,361,720,360,scalar,precomputed_projection,float32,1,forward,completed,,2,5,"[0.00069721, 0.000685659, 0.000684486, 0.00069661, 0.000683475]",0.000685659,0.000683475,0.685659,0.685659,1458.4509209388339,374284800,374284800,565585920,4068020224,6.62931118090637,374284800,375390208,18530304,732377088,3755413504,103079215104,82463372083,NVIDIA GeForce RTX 5070,12378112000,374284800,375390208,408879104,413138944,411998720,413138944,37713920,37748736,1039680,,10897797939,0.85,f4cc65515d79d66ff7ab1f02d53518e0b063fc99,8e139a6b7930691ffd6308786abbbfcafcbf4d8a,1770879,0,"/home/albert/sht_bench/scripts/torch_bc_resolution_scaling.py:781: UserWarning: Complex modules are a new feature under active development whose design may change, and some modules might not work as expected when using complex tensors as parameters or buffers. Please file an issue at https://github.com/pytorch/pytorch/issues/new?template=bug-report.yml if a complex module does not work as expected.
  module = module.to(device=device, dtype=target_dtype).eval()
",2026-09-17T19:02:40.291156+00:00,2026-09-17T19:02:48.062054+00:00,
sht_bench.torch_bc_resolution_scaling.v1,performance,phase_a_resolution,361x720x360,361,720,360,vector,runtime_fold,float32,1,forward,completed,,2,5,"[0.002859313, 0.002844695, 0.002894508, 0.002855826, 0.002865194]",0.002859313,0.002844695,2.859313,2.859313,349.7343592674184,374293804,374293808,569758152,4068092288,5.530272228876129,374294528,377487360,18530304,732430336,4861554688,103079215104,82463372083,NVIDIA GeForce RTX 5070,12378112000,374294528,377487360,409928704,459276288,432756224,459276288,58461696,81788928,2079360,,10897797939,0.85,f4cc65515d79d66ff7ab1f02d53518e0b063fc99,8e139a6b7930691ffd6308786abbbfcafcbf4d8a,1770955,0,,2026-09-17T19:02:48.746361+00:00,2026-09-17T19:02:55.546742+00:00,
sht_bench.torch_bc_resolution_scaling.v1,performance,phase_a_resolution,361x720x360,361,720,360,vector,precomputed_projection,float32,1,forward,completed,,2,5,"[0.002492699, 0.002496106, 0.00247775, 0.002479384, 0.002476849]",0.002479384,0.002476849,2.479384,2.479384,403.32598742268243,748569600,748569600,1131171840,7062298624,14.954546021996066,748683264,748683264,18501632,732495872,7160426496,103079215104,82463372083,NVIDIA GeForce RTX 5070,12378112000,748683264,748683264,784317440,807403520,790553088,807403520,41869824,58720256,2079360,,10897797939,0.85,f4cc65515d79d66ff7ab1f02d53518e0b063fc99,8e139a6b7930691ffd6308786abbbfcafcbf4d8a,1771031,0,"/home/albert/sht_bench/scripts/torch_bc_resolution_scaling.py:781: UserWarning: Complex modules are a new feature under active development whose design may change, and some modules might not work as expected when using complex tensors as parameters or buffers. Please file an issue at https://github.com/pytorch/pytorch/issues/new?template=bug-report.yml if a complex module does not work as expected.
  module = module.to(device=device, dtype=target_dtype).eval()
",2026-09-17T19:02:56.263204+00:00,2026-09-17T19:03:12.368594+00:00,
sht_bench.torch_bc_resolution_scaling.v1,performance,phase_a_resolution,481x960x480,481,960,480,scalar,runtime_fold,float32,1,forward,completed,,2,5,"[0.001916274, 0.001830113, 0.001848668, 0.001843077, 0.001911074]",0.001848668,0.001830113,1.848668,1.848668,540.930010147847,443301604,443301608,672340572,4620154688,2.6248008699622005,443301888,446693376,18534400,739545088,2509287424,103079215104,82463372083,NVIDIA GeForce RTX 5070,12378112000,443301888,446693376,478703616,526385152,499685888,526385152,56384000,79691776,1847040,2127790080,10897797939,0.85,f4cc65515d79d66ff7ab1f02d53518e0b063fc99,8e139a6b7930691ffd6308786abbbfcafcbf4d8a,1771142,0,,2026-09-17T19:03:13.031324+00:00,2026-09-17T19:03:17.048872+00:00,
sht_bench.torch_bc_resolution_scaling.v1,performance,phase_a_resolution,481x960x480,481,960,480,scalar,precomputed_projection,float32,1,forward,completed,,2,5,"[0.001523491, 0.001501861, 0.001497793, 0.00149619, 0.001503664]",0.001501861,0.00149619,1.501861,1.501861,665.8405804531844,886579200,886579200,1337256960,8166375424,13.4402788921725,887095296,887095296,18501632,732360704,7879667712,103079215104,82463372083,NVIDIA GeForce RTX 5070,12378112000,887095296,887095296,922497024,941621248,928038912,941621248,40943616,54525952,1847040,2127790080,10897797939,0.85,f4cc65515d79d66ff7ab1f02d53518e0b063fc99,8e139a6b7930691ffd6308786abbbfcafcbf4d8a,1771219,0,"/home/albert/sht_bench/scripts/torch_bc_resolution_scaling.py:781: UserWarning: Complex modules are a new feature under active development whose design may change, and some modules might not work as expected when using complex tensors as parameters or buffers. Please file an issue at https://github.com/pytorch/pytorch/issues/new?template=bug-report.yml if a complex module does not work as expected.
  module = module.to(device=device, dtype=target_dtype).eval()
",2026-09-17T19:03:17.804744+00:00,2026-09-17T19:03:32.366449+00:00,
sht_bench.torch_bc_resolution_scaling.v1,performance,phase_a_resolution,481x960x480,481,960,480,vector,runtime_fold,float32,1,forward,completed,,2,5,"[0.006098594, 0.006102511, 0.006084337, 0.006080801, 0.006089406]",0.006089406,0.006080801,6.089406,6.089406,164.21962996062342,886591204,886591208,1344663132,8166471488,11.052550720982254,887107584,889192448,18505728,732487680,10509049856,103079215104,82463372083,NVIDIA GeForce RTX 5070,12378112000,887107584,889192448,924356096,989855744,964930048,989855744,77822464,100663296,3694080,2127790080,10897797939,0.85,f4cc65515d79d66ff7ab1f02d53518e0b063fc99,8e139a6b7930691ffd6308786abbbfcafcbf4d8a,1771295,0,,2026-09-17T19:03:33.042791+00:00,2026-09-17T19:03:45.384893+00:00,
sht_bench.torch_bc_resolution_scaling.v1,performance,phase_a_resolution,481x960x480,481,960,480,vector,precomputed_projection,float32,1,forward,completed,,2,5,"[0.005788315, 0.005781032, 0.005797312, 0.00577517, 0.005797251]",0.005788315,0.00577517,5.788315,5.788315,172.76184865543775,1773158400,1773158400,2674513920,15259009024,39.58023527706973,1774190592,1774190592,18505728,732545024,12465463296,103079215104,82463372083,NVIDIA GeForce RTX 5070,12378112000,1774190592,1774190592,1811439104,1828716544,1822518272,1828716544,48327680,54525952,3694080,2127790080,10897797939,0.85,f4cc65515d79d66ff7ab1f02d53518e0b063fc99,8e139a6b7930691ffd6308786abbbfcafcbf4d8a,1771443,0,"/home/albert/sht_bench/scripts/torch_bc_resolution_scaling.py:781: UserWarning: Complex modules are a new feature under active development whose design may change, and some modules might not work as expected when using complex tensors as parameters or buffers. Please file an issue at https://github.com/pytorch/pytorch/issues/new?template=bug-report.yml if a complex module does not work as expected.
  module = module.to(device=device, dtype=target_dtype).eval()
",2026-09-17T19:03:46.136156+00:00,2026-09-17T19:04:26.892372+00:00,
sht_bench.torch_bc_resolution_scaling.v1,performance,phase_a_resolution,601x1200x600,601,1200,600,scalar,runtime_fold,float32,1,forward,completed,,2,5,"[0.003192404, 0.003176704, 0.003183397, 0.003247807, 0.003186443]",0.003186443,0.003176704,3.186443,3.186443,313.8295585390983,865455004,865455008,1309721712,7997381888,4.321841611992568,866139648,868220928,18595840,732364800,4190285824,103079215104,82463372083,NVIDIA GeForce RTX 5070,12378112000,866139648,868220928,902579200,964689920,934278656,964689920,68139008,96468992,2884800,4154112000,10897797939,0.85,f4cc65515d79d66ff7ab1f02d53518e0b063fc99,8e139a6b7930691ffd6308786abbbfcafcbf4d8a,1771630,0,,2026-09-17T19:04:27.604678+00:00,2026-09-17T19:04:33.379352+00:00,
sht_bench.torch_bc_resolution_scaling.v1,performance,phase_a_resolution,601x1200x600,601,1200,600,scalar,precomputed_projection,float32,1,forward,completed,,2,5,"[0.002851187, 0.002844115, 0.002845106, 0.00283641, 0.00283683]",0.002844115,0.00283641,2.844115,2.844115,351.60322279514014,1730880000,1730880000,2607859200,14920781824,32.78782601794228,1730880000,1732247552,18497536,732364800,11274985472,103079215104,82463372083,NVIDIA GeForce RTX 5070,12378112000,1730880000,1732247552,1767319552,1786773504,1775974400,1786773504,45094400,54525952,2884800,4154112000,10897797939,0.85,f4cc65515d79d66ff7ab1f02d53518e0b063fc99,8e139a6b7930691ffd6308786abbbfcafcbf4d8a,1771724,0,"/home/albert/sht_bench/scripts/torch_bc_resolution_scaling.py:781: UserWarning: Complex modules are a new feature under active development whose design may change, and some modules might not work as expected when using complex tensors as parameters or buffers. Please file an issue at https://github.com/pytorch/pytorch/issues/new?template=bug-report.yml if a complex module does not work as expected.
  module = module.to(device=device, dtype=target_dtype).eval()
",2026-09-17T19:04:34.064246+00:00,2026-09-17T19:05:07.987932+00:00,
sht_bench.torch_bc_resolution_scaling.v1,performance,phase_a_resolution,601x1200x600,601,1200,600,vector,runtime_fold,float32,1,forward,completed,,2,5,"[0.011515366, 0.011496261, 0.011471724, 0.011453381, 0.011478427]",0.011478427,0.011453381,11.478427,11.478427,87.11995119191855,1730895004,1730895008,2619420912,14920901888,20.1064094430767,1730895872,1734344704,18501632,732303360,19807653888,103079215104,82463372083,NVIDIA GeForce RTX 5070,12378112000,1730895872,1734344704,1770220032,1860173824,1833609216,1860173824,102713344,125829120,5769600,4154112000,10897797939,0.85,f4cc65515d79d66ff7ab1f02d53518e0b063fc99,8e139a6b7930691ffd6308786abbbfcafcbf4d8a,1771851,0,,2026-09-17T19:05:08.669806+00:00,2026-09-17T19:05:30.115165+00:00,
sht_bench.torch_bc_resolution_scaling.v1,performance,phase_a_resolution,601x1200x600,601,1200,600,vector,precomputed_projection,float32,1,forward,completed,,2,5,"[0.011172757, 0.011163681, 0.011223843, 0.011200709, 0.011185721]",0.011185721,0.011163681,11.185721,11.185721,89.39969090950865,3461760000,3461760000,5215718400,28767821824,114.08799862791784,3462397952,3462397952,18501632,778518528,23281799168,103079215104,82463372083,NVIDIA GeForce RTX 5070,12378112000,3462397952,3462397952,3501722112,3537895424,3519809024,3537895424,57411072,75497472,5769600,4154112000,10897797939,0.85,f4cc65515d79d66ff7ab1f02d53518e0b063fc99,8e139a6b7930691ffd6308786abbbfcafcbf4d8a,1771946,0,"/home/albert/sht_bench/scripts/torch_bc_resolution_scaling.py:781: UserWarning: Complex modules are a new feature under active development whose design may change, and some modules might not work as expected when using complex tensors as parameters or buffers. Please file an issue at https://github.com/pytorch/pytorch/issues/new?template=bug-report.yml if a complex module does not work as expected.
  module = module.to(device=device, dtype=target_dtype).eval()
",2026-09-17T19:05:30.804862+00:00,2026-09-17T19:07:26.106851+00:00,
sht_bench.torch_bc_resolution_scaling.v1,performance,phase_a_resolution,721x1440x720,721,1440,720,scalar,runtime_fold,float32,1,forward,completed,,2,5,"[0.005213984, 0.005164272, 0.005147089, 0.005182204, 0.005144224]",0.005164272,0.005144224,5.164272,5.164272,193.6381352492665,1495083604,1495083608,2259237252,13034410688,7.34751331503503,1495288320,1497366528,18530304,732209152,6709084160,103079215104,82463372083,NVIDIA GeForce RTX 5070,12378112000,1495288320,1497366528,1532996096,1593835520,1578638848,1593835520,83350528,96468992,4152960,7176314880,10897797939,0.85,f4cc65515d79d66ff7ab1f02d53518e0b063fc99,8e139a6b7930691ffd6308786abbbfcafcbf4d8a,1772346,0,,2026-09-17T19:07:26.815259+00:00,2026-09-17T19:07:35.467328+00:00,
sht_bench.torch_bc_resolution_scaling.v1,performance,phase_a_resolution,721x1440x720,721,1440,720,scalar,precomputed_projection,float32,1,forward,completed,,2,5,"[0.00489039, 0.004838524, 0.004835709, 0.004818797, 0.004816312]",0.004835709,0.004816312,4.835709,4.835709,206.7949084611998,2990131200,2990131200,4501808640,24994791424,54.933488516137004,2990538752,2990538752,18501632,732483584,18902659072,103079215104,82463372083,NVIDIA GeForce RTX 5070,12378112000,2990538752,2990538752,3028246528,3045064704,3040706048,3045064704,50167296,54525952,4152960,7176314880,10897797939,0.85,f4cc65515d79d66ff7ab1f02d53518e0b063fc99,8e139a6b7930691ffd6308786abbbfcafcbf4d8a,1772441,0,"/home/albert/sht_bench/scripts/torch_bc_resolution_scaling.py:781: UserWarning: Complex modules are a new feature under active development whose design may change, and some modules might not work as expected when using complex tensors as parameters or buffers. Please file an issue at https://github.com/pytorch/pytorch/issues/new?template=bug-report.yml if a complex module does not work as expected.
  module = module.to(device=device, dtype=target_dtype).eval()
",2026-09-17T19:07:36.194265+00:00,2026-09-17T19:08:32.293297+00:00,
sht_bench.torch_bc_resolution_scaling.v1,performance,phase_a_resolution,721x1440x720,721,1440,720,vector,runtime_fold,float32,1,forward,completed,,2,5,"[0.019509275, 0.019506038, 0.019488486, 0.019494356, 0.019494387]",0.019494387,0.019488486,19.494387,19.494387,51.29681687349287,2990149204,2990149208,4518447492,24994935488,34.81513215508312,2990557696,2992635904,18542592,732454912,33673703424,103079215104,82463372083,NVIDIA GeForce RTX 5070,12378112000,2990557696,2992635904,3032418304,3135242240,3124445696,3135242240,133888000,142606336,8305920,7176314880,10897797939,0.85,f4cc65515d79d66ff7ab1f02d53518e0b063fc99,8e139a6b7930691ffd6308786abbbfcafcbf4d8a,1772661,0,,2026-09-17T19:08:33.094909+00:00,2026-09-17T19:09:09.322857+00:00,
sht_bench.torch_bc_resolution_scaling.v1,performance,phase_a_resolution,721x1440x720,721,1440,720,vector,precomputed_projection,float32,1,forward,completed,,2,5,"[0.019102261, 0.019094757, 0.019122188, 0.019169016, 0.019093224]",0.019102261,0.019093224,19.102261,19.102261,52.34982392921969,5980262400,5980262400,9003617280,48915841024,191.8924357010983,5981077504,5981077504,18501632,798769152,39674679296,103079215104,82463372083,NVIDIA GeForce RTX 5070,12378112000,5981077504,5981077504,6022938112,6056574976,6048080384,6056574976,67002880,75497472,8305920,7176314880,10897797939,0.85,f4cc65515d79d66ff7ab1f02d53518e0b063fc99,8e139a6b7930691ffd6308786abbbfcafcbf4d8a,1772832,0,"/home/albert/sht_bench/scripts/torch_bc_resolution_scaling.py:781: UserWarning: Complex modules are a new feature under active development whose design may change, and some modules might not work as expected when using complex tensors as parameters or buffers. Please file an issue at https://github.com/pytorch/pytorch/issues/new?template=bug-report.yml if a complex module does not work as expected.
  module = module.to(device=device, dtype=target_dtype).eval()
",2026-09-17T19:09:10.047349+00:00,2026-09-17T19:12:23.219065+00:00,
sht_bench.torch_bc_resolution_scaling.v1,performance,phase_b_batch,361x720x360,361,720,360,scalar,runtime_fold,float32,4,forward,completed,,2,3,"[0.001023456, 0.001023355, 0.001013757]",0.001023355,0.001013757,1.023355,0.25583875,3908.7120305270405,187151404,187151408,297361992,2570953088,1.9786719451658428,187152384,190840832,18542592,736272384,1481883648,103079215104,82463372083,NVIDIA GeForce RTX 5070,12378112000,187152384,190840832,224865792,287309824,270514688,287309824,83362304,96468992,4158720,524148168,10897797939,0.85,f4cc65515d79d66ff7ab1f02d53518e0b063fc99,8e139a6b7930691ffd6308786abbbfcafcbf4d8a,1773459,0,,2026-09-17T19:12:57.452964+00:00,2026-09-17T19:13:00.731657+00:00,
sht_bench.torch_bc_resolution_scaling.v1,performance,phase_b_batch,361x720x360,361,720,360,scalar,runtime_fold,float32,16,forward,completed,,2,3,"[0.002634063, 0.002625728, 0.002623664]",0.002625728,0.002623664,2.625728,0.164108,6093.548151217491,187151404,187151408,347266632,2570953088,1.9538783999159932,187152384,190840832,18599936,736268288,1480896512,103079215104,82463372083,NVIDIA GeForce RTX 5070,12378112000,187152384,190840832,237484032,459276288,422039552,459276288,234887168,268435456,16634880,525965722,10897797939,0.85,f4cc65515d79d66ff7ab1f02d53518e0b063fc99,8e139a6b7930691ffd6308786abbbfcafcbf4d8a,1773549,0,,2026-09-17T19:13:01.449720+00:00,2026-09-17T19:13:04.665122+00:00,
sht_bench.torch_bc_resolution_scaling.v1,performance,phase_b_batch,361x720x360,361,720,360,scalar,runtime_fold,float32,64,forward,completed,,2,3,"[0.010350539, 0.010318018, 0.010384783]",0.010350539,0.010318018,10.350539000000001,0.16172717187500002,6183.252872145112,187151404,187151408,546885192,2570953088,1.9627414201386273,187152384,190840832,18538496,736358400,1481277440,103079215104,82463372083,NVIDIA GeForce RTX 5070,12378112000,187152384,190840832,288192512,1130364928,1018859520,1130364928,831707136,939524096,66539520,1376570573,10897797939,0.85,f4cc65515d79d66ff7ab1f02d53518e0b063fc99,8e139a6b7930691ffd6308786abbbfcafcbf4d8a,1773625,0,,2026-09-17T19:13:05.393437+00:00,2026-09-17T19:13:08.696866+00:00,
sht_bench.torch_bc_resolution_scaling.v1,performance,phase_b_batch,361x720x360,361,720,360,scalar,runtime_fold,float32,128,forward,completed,,2,3,"[0.020888426, 0.020767571, 0.020859813]",0.020859813,0.020767571,20.859813000000003,0.16296728906250002,6136.200741588623,187151404,187151408,813043272,2570953088,1.969920433824882,187152384,190840832,18513920,736374784,1482289152,103079215104,82463372083,NVIDIA GeForce RTX 5070,12378112000,187152384,190840832,353785856,2059403264,1819701248,2059403264,1632548864,1868562432,133079040,2430179738,10897797939,0.85,f4cc65515d79d66ff7ab1f02d53518e0b063fc99,8e139a6b7930691ffd6308786abbbfcafcbf4d8a,1773701,0,,2026-09-17T19:13:09.367926+00:00,2026-09-17T19:13:12.673594+00:00,
sht_bench.torch_bc_resolution_scaling.v1,performance,phase_b_batch,361x720x360,361,720,360,scalar,runtime_fold,float32,256,forward,completed,,2,3,"[0.042335502, 0.042206682, 0.042300678]",0.042300678,0.042206682,42.300678,0.1652370234375,6051.912453980052,187151404,187151408,1345359432,2570953088,1.9546259709168226,187152384,190840832,18604032,736440320,1481256960,103079215104,82463372083,NVIDIA GeForce RTX 5070,12378112000,187152384,190840832,487045120,3921674240,3408156672,3921674240,3221004288,3730833408,266158080,4700975924,10897797939,0.85,f4cc65515d79d66ff7ab1f02d53518e0b063fc99,8e139a6b7930691ffd6308786abbbfcafcbf4d8a,1773817,0,,2026-09-17T19:13:13.416977+00:00,2026-09-17T19:13:16.799357+00:00,
sht_bench.torch_bc_resolution_scaling.v1,performance,phase_b_batch,361x720x360,361,720,360,scalar,runtime_fold,float32,512,forward,completed,,2,3,"[0.085079395, 0.084992432, 0.085155386]",0.085079395,0.084992432,85.079395,0.166170693359375,6017.908331388581,187151404,187151408,2409991752,2570953088,1.9877967331558466,187152384,190840832,18530304,736272384,1482022912,103079215104,82463372083,NVIDIA GeForce RTX 5070,12378112000,187152384,190840832,753383424,7635730432,6596579328,7635730432,6409426944,7444889600,532316160,9175459431,10897797939,0.85,f4cc65515d79d66ff7ab1f02d53518e0b063fc99,8e139a6b7930691ffd6308786abbbfcafcbf4d8a,1773899,0,,2026-09-17T19:13:17.557242+00:00,2026-09-17T19:13:21.194581+00:00,
sht_bench.torch_bc_resolution_scaling.v1,performance,phase_b_batch,361x720x360,361,720,360,scalar,runtime_fold,float32,1024,forward,skipped_predicted_capacity,corrected adaptive model predicts capacity risk; the prior unmapped-peak run is retained in manifest history,,,,,,,,,,187151408,4539256392,2570953088,,,,,,,,82463372083,,,,,,,,,,,,18076611380,10897797939,0.85,,,,,,,,
sht_bench.torch_bc_resolution_scaling.v1,performance,phase_b_batch,361x720x360,361,720,360,scalar,precomputed_projection,float32,4,forward,completed,,2,3,"[0.000994511, 0.000986467, 0.000992998]",0.000992998,0.000986467,0.9929979999999999,0.24824949999999998,4028.205494875116,374284800,374284800,578062080,4068020224,9.33534641400911,374284800,375390208,18534400,732708864,3731144704,103079215104,82463372083,NVIDIA GeForce RTX 5070,12378112000,374284800,375390208,411998208,429916160,424475136,429916160,50190336,54525952,4158720,635641652,10897797939,0.85,f4cc65515d79d66ff7ab1f02d53518e0b063fc99,8e139a6b7930691ffd6308786abbbfcafcbf4d8a,1774058,0,"/home/albert/sht_bench/scripts/torch_bc_resolution_scaling.py:781: UserWarning: Complex modules are a new feature under active development whose design may change, and some modules might not work as expected when using complex tensors as parameters or buffers. Please file an issue at https://github.com/pytorch/pytorch/issues/new?template=bug-report.yml if a complex module does not work as expected.
  module = module.to(device=device, dtype=target_dtype).eval()
",2026-09-17T19:13:25.710459+00:00,2026-09-17T19:13:36.175111+00:00,
sht_bench.torch_bc_resolution_scaling.v1,performance,phase_b_batch,361x720x360,361,720,360,scalar,precomputed_projection,float32,16,forward,completed,,2,3,"[0.001068905, 0.001064558, 0.001061501]",0.001064558,0.001061501,1.064558,0.066534875,15029.711861636473,374284800,374284800,627966720,4068020224,6.673351781908423,374284800,375390208,18518016,732565504,3755892736,103079215104,82463372083,NVIDIA GeForce RTX 5070,12378112000,374284800,375390208,424616448,476053504,474948096,476053504,100663296,100663296,16634880,596430029,10897797939,0.85,f4cc65515d79d66ff7ab1f02d53518e0b063fc99,8e139a6b7930691ffd6308786abbbfcafcbf4d8a,1774169,0,"/home/albert/sht_bench/scripts/torch_bc_resolution_scaling.py:781: UserWarning: Complex modules are a new feature under active development whose design may change, and some modules might not work as expected when using complex tensors as parameters or buffers. Please file an issue at https://github.com/pytorch/pytorch/issues/new?template=bug-report.yml if a complex module does not work as expected.
  module = module.to(device=device, dtype=target_dtype).eval()
",2026-09-17T19:13:36.870297+00:00,2026-09-17T19:13:44.695146+00:00,
sht_bench.torch_bc_resolution_scaling.v1,performance,phase_b_batch,361x720x360,361,720,360,scalar,precomputed_projection,float32,64,forward,completed,,2,3,"[0.00288159, 0.002875538, 0.002873805]",0.002875538,0.002873805,2.875538,0.04493028125,22256.704658397837,374284800,374284800,827585280,4068020224,6.648342160042375,374284800,375390208,18558976,732807168,3756961792,103079215104,82463372083,NVIDIA GeForce RTX 5070,12378112000,374284800,375390208,474948096,677380096,676274688,677380096,301989888,301989888,66539520,792723456,10897797939,0.85,f4cc65515d79d66ff7ab1f02d53518e0b063fc99,8e139a6b7930691ffd6308786abbbfcafcbf4d8a,1774573,0,"/home/albert/sht_bench/scripts/torch_bc_resolution_scaling.py:781: UserWarning: Complex modules are a new feature under active development whose design may change, and some modules might not work as expected when using complex tensors as parameters or buffers. Please file an issue at https://github.com/pytorch/pytorch/issues/new?template=bug-report.yml if a complex module does not work as expected.
  module = module.to(device=device, dtype=target_dtype).eval()
",2026-09-17T19:13:45.426891+00:00,2026-09-17T19:13:53.202875+00:00,
sht_bench.torch_bc_resolution_scaling.v1,performance,phase_b_batch,361x720x360,361,720,360,scalar,precomputed_projection,float32,128,forward,completed,,2,3,"[0.0058273, 0.005811149, 0.005809336]",0.005811149,0.005809336,5.8111489999999995,0.045399601562499996,22026.625027167607,374284800,374284800,1093743360,4068020224,6.610652985982597,374284800,375390208,18599936,732659712,3756617728,103079215104,82463372083,NVIDIA GeForce RTX 5070,12378112000,374284800,375390208,540918272,945815552,940925440,945815552,566640640,570425344,133079040,1134978663,10897797939,0.85,f4cc65515d79d66ff7ab1f02d53518e0b063fc99,8e139a6b7930691ffd6308786abbbfcafcbf4d8a,1774732,0,"/home/albert/sht_bench/scripts/torch_bc_resolution_scaling.py:781: UserWarning: Complex modules are a new feature under active development whose design may change, and some modules might not work as expected when using complex tensors as parameters or buffers. Please file an issue at https://github.com/pytorch/pytorch/issues/new?template=bug-report.yml if a complex module does not work as expected.
  module = module.to(device=device, dtype=target_dtype).eval()
",2026-09-17T19:13:53.937342+00:00,2026-09-17T19:14:01.678966+00:00,
sht_bench.torch_bc_resolution_scaling.v1,performance,phase_b_batch,361x720x360,361,720,360,scalar,precomputed_projection,float32,256,forward,completed,,2,3,"[0.011700324, 0.011699722, 0.011710343]",0.011700324,0.011699722,11.700324,0.045704390625,21879.735979960897,374284800,374284800,1626059520,4068020224,9.381532821105793,374284800,375390208,18509824,732577792,3730731008,103079215104,82463372083,NVIDIA GeForce RTX 5070,12378112000,374284800,375390208,674177536,1476395008,1473751552,1476395008,1099466752,1101004800,266158080,1779223757,10897797939,0.85,f4cc65515d79d66ff7ab1f02d53518e0b063fc99,8e139a6b7930691ffd6308786abbbfcafcbf4d8a,1774841,0,"/home/albert/sht_bench/scripts/torch_bc_resolution_scaling.py:781: UserWarning: Complex modules are a new feature under active development whose design may change, and some modules might not work as expected when using complex tensors as parameters or buffers. Please file an issue at https://github.com/pytorch/pytorch/issues/new?template=bug-report.yml if a complex module does not work as expected.
  module = module.to(device=device, dtype=target_dtype).eval()
",2026-09-17T19:14:02.311614+00:00,2026-09-17T19:14:12.872635+00:00,
sht_bench.torch_bc_resolution_scaling.v1,performance,phase_b_batch,361x720x360,361,720,360,scalar,precomputed_projection,float32,512,forward,completed,,2,3,"[0.023533446, 0.023534749, 0.023544356]",0.023534749,0.023533446,23.534749,0.045966306640625,21755.065244163005,374284800,374284800,2690691840,4068020224,6.690933126024902,374284800,375390208,18567168,732655616,3756081152,103079215104,82463372083,NVIDIA GeForce RTX 5070,12378112000,374284800,375390208,940515840,2541748224,2538807808,2541748224,2164523008,2166358016,532316160,3045064704,10897797939,0.85,f4cc65515d79d66ff7ab1f02d53518e0b063fc99,8e139a6b7930691ffd6308786abbbfcafcbf4d8a,1774972,0,"/home/albert/sht_bench/scripts/torch_bc_resolution_scaling.py:781: UserWarning: Complex modules are a new feature under active development whose design may change, and some modules might not work as expected when using complex tensors as parameters or buffers. Please file an issue at https://github.com/pytorch/pytorch/issues/new?template=bug-report.yml if a complex module does not work as expected.
  module = module.to(device=device, dtype=target_dtype).eval()
",2026-09-17T19:14:13.591731+00:00,2026-09-17T19:14:21.507634+00:00,
sht_bench.torch_bc_resolution_scaling.v1,performance,phase_b_batch,361x720x360,361,720,360,scalar,precomputed_projection,float32,1024,forward,completed,,2,3,"[0.054260903, 0.054234303, 0.054295407]",0.054260903,0.054234303,54.260903,0.0529891630859375,18871.78324326818,374284800,374284800,4819956480,4068020224,6.6231476329267025,374284800,375390208,18612224,732807168,3755741184,103079215104,82463372083,NVIDIA GeForce RTX 5070,12378112000,374284800,375390208,1473192448,4672454656,4667818496,4672454656,4293533696,4297064448,1064632320,5606945588,10897797939,0.85,f4cc65515d79d66ff7ab1f02d53518e0b063fc99,8e139a6b7930691ffd6308786abbbfcafcbf4d8a,1775176,0,"/home/albert/sht_bench/scripts/torch_bc_resolution_scaling.py:781: UserWarning: Complex modules are a new feature under active development whose design may change, and some modules might not work as expected when using complex tensors as parameters or buffers. Please file an issue at https://github.com/pytorch/pytorch/issues/new?template=bug-report.yml if a complex module does not work as expected.
  module = module.to(device=device, dtype=target_dtype).eval()
",2026-09-17T19:14:22.227219+00:00,2026-09-17T19:14:30.239231+00:00,
sht_bench.torch_bc_resolution_scaling.v1,performance,phase_b_batch,361x720x360,361,720,360,vector,runtime_fold,float32,4,forward,completed,,2,3,"[0.003061636, 0.00305799, 0.003045796]",0.00305799,0.003045796,3.05799,0.7644975,1308.048750976949,374293804,374293808,594710472,4068092288,5.5245670499280095,374294528,377487360,18612224,732635136,4862558208,103079215104,82463372083,NVIDIA GeForce RTX 5070,12378112000,374294528,377487360,416166400,520093696,508211200,520093696,133916672,142606336,8317440,857068488,10897797939,0.85,f4cc65515d79d66ff7ab1f02d53518e0b063fc99,8e139a6b7930691ffd6308786abbbfcafcbf4d8a,1775269,0,,2026-09-17T19:14:30.895477+00:00,2026-09-17T19:14:37.708955+00:00,
sht_bench.torch_bc_resolution_scaling.v1,performance,phase_b_batch,361x720x360,361,720,360,vector,runtime_fold,float32,16,forward,completed,,2,3,"[0.009214964, 0.009208141, 0.009189447]",0.009208141,0.009189447,9.208141,0.5755088125,1737.5928539756287,374293804,374293808,694519752,4068092288,5.638817161088809,374294528,377487360,18538496,732635136,4861890560,103079215104,82463372083,NVIDIA GeForce RTX 5070,12378112000,374294528,377487360,441403392,847249408,810508288,847249408,436213760,469762048,33269760,916035994,10897797939,0.85,f4cc65515d79d66ff7ab1f02d53518e0b063fc99,8e139a6b7930691ffd6308786abbbfcafcbf4d8a,1775362,0,,2026-09-17T19:14:38.437132+00:00,2026-09-17T19:14:45.373840+00:00,
sht_bench.torch_bc_resolution_scaling.v1,performance,phase_b_batch,361x720x360,361,720,360,vector,runtime_fold,float32,64,forward,completed,,2,3,"[0.025088409, 0.025057922, 0.025112394]",0.025088409,0.025057922,25.088409,0.392006390625,2550.9788205382015,374293804,374293808,1093756872,4068092288,5.541376912966371,374294528,377487360,18616320,732553216,4861235200,103079215104,82463372083,NVIDIA GeForce RTX 5070,12378112000,374294528,377487360,540928000,2246049792,2006843392,2246049792,1632548864,1868562432,133079040,2587046708,10897797939,0.85,f4cc65515d79d66ff7ab1f02d53518e0b063fc99,8e139a6b7930691ffd6308786abbbfcafcbf4d8a,1775471,0,,2026-09-17T19:14:46.100378+00:00,2026-09-17T19:14:52.986838+00:00,
sht_bench.torch_bc_resolution_scaling.v1,performance,phase_b_batch,361x720x360,361,720,360,vector,runtime_fold,float32,128,forward,completed,,2,3,"[0.050371311, 0.05064881, 0.050620657]",0.050620657,0.050371311,50.620657,0.3954738828125,2528.611985419312,374293804,374293808,1626073032,4068092288,5.541863162070513,374294528,377487360,18563072,732803072,4861890560,103079215104,82463372083,NVIDIA GeForce RTX 5070,12378112000,374294528,377487360,674187264,4108320768,3595298816,4108320768,3221004288,3730833408,266158080,4933340365,10897797939,0.85,f4cc65515d79d66ff7ab1f02d53518e0b063fc99,8e139a6b7930691ffd6308786abbbfcafcbf4d8a,1775549,0,,2026-09-17T19:14:53.728149+00:00,2026-09-17T19:15:00.741320+00:00,
sht_bench.torch_bc_resolution_scaling.v1,performance,phase_b_batch,361x720x360,361,720,360,vector,runtime_fold,float32,256,forward,completed,,2,3,"[0.102167733, 0.102179194, 0.102028573]",0.102167733,0.102028573,102.167733,0.39909270703125,2505.683472491261,374293804,374293808,2690705352,4068092288,5.548768774140626,374294528,377487360,18522112,732745728,4862066688,103079215104,82463372083,NVIDIA GeForce RTX 5070,12378112000,374294528,377487360,940525568,7822376960,6783721472,7822376960,6409426944,7444889600,532316160,9399435264,10897797939,0.85,f4cc65515d79d66ff7ab1f02d53518e0b063fc99,8e139a6b7930691ffd6308786abbbfcafcbf4d8a,1775625,0,,2026-09-17T19:15:01.472965+00:00,2026-09-17T19:15:08.772488+00:00,
sht_bench.torch_bc_resolution_scaling.v1,performance,phase_b_batch,361x720x360,361,720,360,vector,runtime_fold,float32,512,forward,skipped_predicted_capacity,corrected adaptive model predicts capacity risk; the prior unmapped-peak run is retained in manifest history,,,,,,,,,,374293808,4819969992,4068092288,,,,,,,,82463372083,,,,,,,,,,,,18300587213,10897797939,0.85,,,,,,,,
sht_bench.torch_bc_resolution_scaling.v1,performance,phase_b_batch,361x720x360,361,720,360,vector,precomputed_projection,float32,4,forward,completed,,2,3,"[0.003772564, 0.003772583, 0.003764167]",0.003772564,0.003764167,3.772564,0.943141,1060.2868500044,748569600,748569600,1156124160,7062298624,14.859731091884896,748683264,748683264,18612224,732856320,7160418304,103079215104,82463372083,NVIDIA GeForce RTX 5070,12378112000,748683264,748683264,790555136,824180736,815720448,824180736,67037184,75497472,8317440,1180686336,10897797939,0.85,f4cc65515d79d66ff7ab1f02d53518e0b063fc99,8e139a6b7930691ffd6308786abbbfcafcbf4d8a,1775852,0,"/home/albert/sht_bench/scripts/torch_bc_resolution_scaling.py:781: UserWarning: Complex modules are a new feature under active development whose design may change, and some modules might not work as expected when using complex tensors as parameters or buffers. Please file an issue at https://github.com/pytorch/pytorch/issues/new?template=bug-report.yml if a complex module does not work as expected.
  module = module.to(device=device, dtype=target_dtype).eval()
",2026-09-17T19:15:16.895731+00:00,2026-09-17T19:15:32.932138+00:00,
sht_bench.torch_bc_resolution_scaling.v1,performance,phase_b_batch,361x720x360,361,720,360,vector,precomputed_projection,float32,16,forward,completed,,2,3,"[0.00450994, 0.004501163, 0.00449961]",0.004501163,0.00449961,4.501163,0.2813226875,3554.636879402057,748569600,748569600,1255933440,7062298624,14.929008109029382,748683264,748683264,18546688,732831744,7160860672,103079215104,82463372083,NVIDIA GeForce RTX 5070,12378112000,748683264,748683264,815792128,950009856,916455424,950009856,167772160,201326592,33269760,1069547520,10897797939,0.85,f4cc65515d79d66ff7ab1f02d53518e0b063fc99,8e139a6b7930691ffd6308786abbbfcafcbf4d8a,1775935,0,"/home/albert/sht_bench/scripts/torch_bc_resolution_scaling.py:781: UserWarning: Complex modules are a new feature under active development whose design may change, and some modules might not work as expected when using complex tensors as parameters or buffers. Please file an issue at https://github.com/pytorch/pytorch/issues/new?template=bug-report.yml if a complex module does not work as expected.
  module = module.to(device=device, dtype=target_dtype).eval()
",2026-09-17T19:15:33.657208+00:00,2026-09-17T19:15:49.746644+00:00,
sht_bench.torch_bc_resolution_scaling.v1,performance,phase_b_batch,361x720x360,361,720,360,vector,precomputed_projection,float32,64,forward,completed,,2,3,"[0.012588262, 0.012570609, 0.012584655]",0.012584655,0.012570609,12.584655,0.196635234375,5085.558563186674,748569600,748569600,1655170560,7062298624,14.784281601198018,748683264,748683264,18534400,732798976,7159164928,103079215104,82463372083,NVIDIA GeForce RTX 5070,12378112000,748683264,748683264,915316736,1453326336,1317969920,1453326336,569286656,704643072,133079040,1743991604,10897797939,0.85,f4cc65515d79d66ff7ab1f02d53518e0b063fc99,8e139a6b7930691ffd6308786abbbfcafcbf4d8a,1776063,0,"/home/albert/sht_bench/scripts/torch_bc_resolution_scaling.py:781: UserWarning: Complex modules are a new feature under active development whose design may change, and some modules might not work as expected when using complex tensors as parameters or buffers. Please file an issue at https://github.com/pytorch/pytorch/issues/new?template=bug-report.yml if a complex module does not work as expected.
  module = module.to(device=device, dtype=target_dtype).eval()
",2026-09-17T19:15:50.411711+00:00,2026-09-17T19:16:06.405506+00:00,
sht_bench.torch_bc_resolution_scaling.v1,performance,phase_b_batch,361x720x360,361,720,360,vector,precomputed_projection,float32,128,forward,completed,,2,3,"[0.025402315, 0.025417433, 0.02549591]",0.025417433,0.025402315,25.417433,0.1985736953125,5035.913736843528,748569600,748569600,2187486720,7062298624,14.817823572084308,748683264,748683264,18604032,732893184,7159902208,103079215104,82463372083,NVIDIA GeForce RTX 5070,12378112000,748683264,748683264,1048576000,2120220672,1847232512,2120220672,1098549248,1371537408,266158080,2549297972,10897797939,0.85,f4cc65515d79d66ff7ab1f02d53518e0b063fc99,8e139a6b7930691ffd6308786abbbfcafcbf4d8a,1776140,0,"/home/albert/sht_bench/scripts/torch_bc_resolution_scaling.py:781: UserWarning: Complex modules are a new feature under active development whose design may change, and some modules might not work as expected when using complex tensors as parameters or buffers. Please file an issue at https://github.com/pytorch/pytorch/issues/new?template=bug-report.yml if a complex module does not work as expected.
  module = module.to(device=device, dtype=target_dtype).eval()
",2026-09-17T19:16:07.052428+00:00,2026-09-17T19:16:23.147883+00:00,
sht_bench.torch_bc_resolution_scaling.v1,performance,phase_b_batch,361x720x360,361,720,360,vector,precomputed_projection,float32,256,forward,completed,,2,3,"[0.051181323, 0.051256083, 0.05127053]",0.051256083,0.051181323,51.256083000000004,0.20021907421875001,4994.529137156267,748569600,748569600,3252119040,7062298624,14.833987700054422,748683264,748683264,18534400,732819456,7159418880,103079215104,82463372083,NVIDIA GeForce RTX 5070,12378112000,748683264,748683264,1314914304,3447717888,2915041280,3447717888,2166358016,2699034624,532316160,4144811213,10897797939,0.85,f4cc65515d79d66ff7ab1f02d53518e0b063fc99,8e139a6b7930691ffd6308786abbbfcafcbf4d8a,1776274,0,"/home/albert/sht_bench/scripts/torch_bc_resolution_scaling.py:781: UserWarning: Complex modules are a new feature under active development whose design may change, and some modules might not work as expected when using complex tensors as parameters or buffers. Please file an issue at https://github.com/pytorch/pytorch/issues/new?template=bug-report.yml if a complex module does not work as expected.
  module = module.to(device=device, dtype=target_dtype).eval()
",2026-09-17T19:16:23.875624+00:00,2026-09-17T19:16:40.067943+00:00,
sht_bench.torch_bc_resolution_scaling.v1,performance,phase_b_batch,361x720x360,361,720,360,vector,precomputed_projection,float32,512,forward,completed,,2,3,"[0.103180664, 0.10298033, 0.103010186]",0.103010186,0.10298033,103.010186,0.20119176953125,4970.3822493826,748569600,748569600,5381383680,7062298624,14.852167570963502,748683264,748683264,18620416,732991488,7160745984,103079215104,82463372083,NVIDIA GeForce RTX 5070,12378112000,748683264,748683264,1847590912,6111100928,5040381952,6111100928,4291698688,5362417664,1064632320,7323254784,10897797939,0.85,f4cc65515d79d66ff7ab1f02d53518e0b063fc99,8e139a6b7930691ffd6308786abbbfcafcbf4d8a,1776400,0,"/home/albert/sht_bench/scripts/torch_bc_resolution_scaling.py:781: UserWarning: Complex modules are a new feature under active development whose design may change, and some modules might not work as expected when using complex tensors as parameters or buffers. Please file an issue at https://github.com/pytorch/pytorch/issues/new?template=bug-report.yml if a complex module does not work as expected.
  module = module.to(device=device, dtype=target_dtype).eval()
",2026-09-17T19:16:40.769705+00:00,2026-09-17T19:16:57.229434+00:00,
sht_bench.torch_bc_resolution_scaling.v1,performance,phase_b_batch,361x720x360,361,720,360,vector,precomputed_projection,float32,1024,forward,completed,,2,3,"[0.236193533, 0.236072768, 0.236336741]",0.236193533,0.236072768,236.193533,0.2306577470703125,4335.427761267282,748569600,748569600,9639912960,7062298624,14.851619717897847,748683264,748683264,18534400,732925952,7161335808,103079215104,82463372083,NVIDIA GeForce RTX 5070,12378112000,748683264,748683264,2911502336,11433672704,9297084416,11433672704,8548401152,10684989440,2129264640,13725440410,10897797939,0.85,f4cc65515d79d66ff7ab1f02d53518e0b063fc99,8e139a6b7930691ffd6308786abbbfcafcbf4d8a,1776493,0,"/home/albert/sht_bench/scripts/torch_bc_resolution_scaling.py:781: UserWarning: Complex modules are a new feature under active development whose design may change, and some modules might not work as expected when using complex tensors as parameters or buffers. Please file an issue at https://github.com/pytorch/pytorch/issues/new?template=bug-report.yml if a complex module does not work as expected.
  module = module.to(device=device, dtype=target_dtype).eval()
",2026-09-17T19:16:57.938696+00:00,2026-09-17T19:17:15.078808+00:00,
sht_bench.torch_bc_resolution_scaling.v1,performance,phase_b_batch,721x1440x720,721,1440,720,scalar,runtime_fold,float32,4,forward,completed,,2,3,"[0.006157606, 0.006146786, 0.00612774]",0.006146786,0.00612774,6.146786,1.5366965,650.7465852886371,1495083604,1495083608,2309072772,13034410688,7.0921390110161155,1495288320,1497366528,18538496,732540928,6709653504,103079215104,82463372083,NVIDIA GeForce RTX 5070,12378112000,1495288320,1497366528,1545619968,1765801984,1730181120,1765801984,234892800,268435456,16611840,2268109522,10897797939,0.85,f4cc65515d79d66ff7ab1f02d53518e0b063fc99,8e139a6b7930691ffd6308786abbbfcafcbf4d8a,1776605,0,,2026-09-17T19:17:15.727465+00:00,2026-09-17T19:17:24.062538+00:00,
sht_bench.torch_bc_resolution_scaling.v1,performance,phase_b_batch,721x1440x720,721,1440,720,scalar,runtime_fold,float32,16,forward,completed,,2,3,"[0.018215417, 0.0182382, 0.018156497]",0.018215417,0.018156497,18.215417000000002,1.1384635625000001,878.3768167371628,1495083604,1495083608,2508414852,13034410688,7.3820643979124725,1495288320,1497366528,18620416,732475392,6708400128,103079215104,82463372083,NVIDIA GeForce RTX 5070,12378112000,1495288320,1497366528,1596328448,2436890624,2327001088,2436890624,831712768,939524096,66447360,2944401408,10897797939,0.85,f4cc65515d79d66ff7ab1f02d53518e0b063fc99,8e139a6b7930691ffd6308786abbbfcafcbf4d8a,1776682,0,,2026-09-17T19:17:24.786151+00:00,2026-09-17T19:17:33.516237+00:00,
sht_bench.torch_bc_resolution_scaling.v1,performance,phase_b_batch,721x1440x720,721,1440,720,scalar,runtime_fold,float32,64,forward,completed,,2,3,"[0.050287114, 0.050290731, 0.050267377]",0.050287114,0.050267377,50.287114,0.78573615625,1272.6918470604617,1495083604,1495083608,3305783172,13034410688,7.159027467947453,1495288320,1497366528,18616320,732426240,6709391360,103079215104,82463372083,NVIDIA GeForce RTX 5070,12378112000,1495288320,1497366528,1795181056,5226102784,4715739136,5226102784,3220450816,3728736256,265789440,6145494221,10897797939,0.85,f4cc65515d79d66ff7ab1f02d53518e0b063fc99,8e139a6b7930691ffd6308786abbbfcafcbf4d8a,1776776,0,,2026-09-17T19:17:34.241608+00:00,2026-09-17T19:17:42.854226+00:00,
sht_bench.torch_bc_resolution_scaling.v1,performance,phase_b_batch,721x1440x720,721,1440,720,scalar,runtime_fold,float32,128,forward,completed,,2,3,"[0.101554237, 0.101699499, 0.101548186]",0.101554237,0.101548186,101.554237,0.7933924765625,1260.4102377333602,1495083604,1495083608,4368940932,13034410688,7.042914089979604,1495288320,1497366528,18567168,732446720,6710550528,103079215104,82463372083,NVIDIA GeForce RTX 5070,12378112000,1495288320,1497366528,2060421632,8942256128,7901526016,8942256128,6406237696,7444889600,531578880,10734062797,10897797939,0.85,f4cc65515d79d66ff7ab1f02d53518e0b063fc99,8e139a6b7930691ffd6308786abbbfcafcbf4d8a,1776906,0,,2026-09-17T19:17:43.600074+00:00,2026-09-17T19:17:52.381210+00:00,
sht_bench.torch_bc_resolution_scaling.v1,performance,phase_b_batch,721x1440x720,721,1440,720,scalar,runtime_fold,float32,256,forward,skipped_predicted_capacity,corrected adaptive model predicts capacity risk; the prior unmapped-peak run is retained in manifest history,,,,,,,,,,1495083608,6495256452,13034410688,,,,,,,,82463372083,,,,,,,,,,,,19649475380,10897797939,0.85,,,,,,,,
sht_bench.torch_bc_resolution_scaling.v1,performance,phase_b_batch,721x1440x720,721,1440,720,scalar,precomputed_projection,float32,4,forward,completed,,2,3,"[0.006949715, 0.006934146, 0.006934356]",0.006934356,0.006934146,6.934356,1.733589,576.8379933190623,2990131200,2990131200,4551644160,24994791424,54.37191580119543,2990538752,2990538752,18554880,732557312,18901716992,103079215104,82463372083,NVIDIA GeForce RTX 5070,12378112000,2990538752,2990538752,3040870400,3091202048,3091202048,3091202048,100663296,100663296,16611840,3851838260,10897797939,0.85,f4cc65515d79d66ff7ab1f02d53518e0b063fc99,8e139a6b7930691ffd6308786abbbfcafcbf4d8a,1777082,0,"/home/albert/sht_bench/scripts/torch_bc_resolution_scaling.py:781: UserWarning: Complex modules are a new feature under active development whose design may change, and some modules might not work as expected when using complex tensors as parameters or buffers. Please file an issue at https://github.com/pytorch/pytorch/issues/new?template=bug-report.yml if a complex module does not work as expected.
  module = module.to(device=device, dtype=target_dtype).eval()
",2026-09-17T19:18:02.247950+00:00,2026-09-17T19:18:57.758685+00:00,
sht_bench.torch_bc_resolution_scaling.v1,performance,phase_b_batch,721x1440x720,721,1440,720,scalar,precomputed_projection,float32,16,forward,completed,,2,3,"[0.008285388, 0.00829131, 0.008279798]",0.008285388,0.008279798,8.285388,0.51783675,1931.1105285594351,2990131200,2990131200,4750986240,24994791424,54.482212339062244,2990538752,2990538752,18571264,732803072,18901942272,103079215104,82463372083,NVIDIA GeForce RTX 5070,12378112000,2990538752,2990538752,3091202048,3292528640,3292528640,3292528640,301989888,301989888,66447360,3930901709,10897797939,0.85,f4cc65515d79d66ff7ab1f02d53518e0b063fc99,8e139a6b7930691ffd6308786abbbfcafcbf4d8a,1777282,0,"/home/albert/sht_bench/scripts/torch_bc_resolution_scaling.py:781: UserWarning: Complex modules are a new feature under active development whose design may change, and some modules might not work as expected when using complex tensors as parameters or buffers. Please file an issue at https://github.com/pytorch/pytorch/issues/new?template=bug-report.yml if a complex module does not work as expected.
  module = module.to(device=device, dtype=target_dtype).eval()
",2026-09-17T19:18:58.480350+00:00,2026-09-17T19:19:54.171388+00:00,
sht_bench.torch_bc_resolution_scaling.v1,performance,phase_b_batch,721x1440x720,721,1440,720,scalar,precomputed_projection,float32,64,forward,completed,,2,3,"[0.020400887, 0.020427728, 0.020431023]",0.020427728,0.020400887,20.427728,0.31918325,3132.996483994696,2990131200,2990131200,5548354560,24994791424,54.35800370713696,2990538752,2990538752,18538496,732491776,18902814720,103079215104,82463372083,NVIDIA GeForce RTX 5070,12378112000,2990538752,2990538752,3290431488,4089446400,4089446400,4089446400,1098907648,1098907648,265789440,4917402010,10897797939,0.85,f4cc65515d79d66ff7ab1f02d53518e0b063fc99,8e139a6b7930691ffd6308786abbbfcafcbf4d8a,1777428,0,"/home/albert/sht_bench/scripts/torch_bc_resolution_scaling.py:781: UserWarning: Complex modules are a new feature under active development whose design may change, and some modules might not work as expected when using complex tensors as parameters or buffers. Please file an issue at https://github.com/pytorch/pytorch/issues/new?template=bug-report.yml if a complex module does not work as expected.
  module = module.to(device=device, dtype=target_dtype).eval()
",2026-09-17T19:19:54.880899+00:00,2026-09-17T19:20:50.487218+00:00,
sht_bench.torch_bc_resolution_scaling.v1,performance,phase_b_batch,721x1440x720,721,1440,720,scalar,precomputed_projection,float32,128,forward,completed,,2,3,"[0.04093266, 0.040995176, 0.040985708]",0.040985708,0.04093266,40.985708,0.32020084375,3123.039865506288,2990131200,2990131200,6611512320,24994791424,53.91755103110336,2990538752,2990538752,18571264,732680192,18902474752,103079215104,82463372083,NVIDIA GeForce RTX 5070,12378112000,2990538752,2990538752,3555672064,5154799616,5150769152,5154799616,2160230400,2164260864,531578880,6182404096,10897797939,0.85,f4cc65515d79d66ff7ab1f02d53518e0b063fc99,8e139a6b7930691ffd6308786abbbfcafcbf4d8a,1777639,0,"/home/albert/sht_bench/scripts/torch_bc_resolution_scaling.py:781: UserWarning: Complex modules are a new feature under active development whose design may change, and some modules might not work as expected when using complex tensors as parameters or buffers. Please file an issue at https://github.com/pytorch/pytorch/issues/new?template=bug-report.yml if a complex module does not work as expected.
  module = module.to(device=device, dtype=target_dtype).eval()
",2026-09-17T19:20:51.216178+00:00,2026-09-17T19:21:46.463669+00:00,
sht_bench.torch_bc_resolution_scaling.v1,performance,phase_b_batch,721x1440x720,721,1440,720,scalar,precomputed_projection,float32,256,forward,completed,,2,3,"[0.082091301, 0.082114976, 0.082127328]",0.082114976,0.082091301,82.11497600000001,0.32076162500000005,3117.5799162384214,2990131200,2990131200,8737827840,24994791424,54.661135571077466,2990538752,2990538752,18616320,732823552,18902351872,103079215104,82463372083,NVIDIA GeForce RTX 5070,12378112000,2990538752,2990538752,4087349248,7279214592,7277641728,7279214592,4287102976,4288675840,1063157760,8742607258,10897797939,0.85,f4cc65515d79d66ff7ab1f02d53518e0b063fc99,8e139a6b7930691ffd6308786abbbfcafcbf4d8a,1778999,0,"/home/albert/sht_bench/scripts/torch_bc_resolution_scaling.py:781: UserWarning: Complex modules are a new feature under active development whose design may change, and some modules might not work as expected when using complex tensors as parameters or buffers. Please file an issue at https://github.com/pytorch/pytorch/issues/new?template=bug-report.yml if a complex module does not work as expected.
  module = module.to(device=device, dtype=target_dtype).eval()
",2026-09-17T19:21:47.176644+00:00,2026-09-17T19:22:43.354607+00:00,
sht_bench.torch_bc_resolution_scaling.v1,performance,phase_b_batch,721x1440x720,721,1440,720,vector,runtime_fold,float32,4,forward,completed,,2,3,"[0.02333185, 0.023305431, 0.023337941]",0.02333185,0.023305431,23.331850000000003,5.832962500000001,171.43947008059797,2990149204,2990149208,4618118532,24994935488,34.73894099611789,2990557696,2992635904,18624512,732672000,33676165120,103079215104,82463372083,NVIDIA GeForce RTX 5070,12378112000,2990557696,2992635904,3057666560,3462397952,3426777088,3462397952,436219392,469762048,33223680,4284625618,10897797939,0.85,f4cc65515d79d66ff7ab1f02d53518e0b063fc99,8e139a6b7930691ffd6308786abbbfcafcbf4d8a,1779500,0,,2026-09-17T19:22:44.061574+00:00,2026-09-17T19:23:20.142596+00:00,
sht_bench.torch_bc_resolution_scaling.v1,performance,phase_b_batch,721x1440x720,721,1440,720,vector,runtime_fold,float32,16,forward,completed,,2,3,"[0.055788204, 0.055920722, 0.055906495]",0.055906495,0.055788204,55.906495,3.4941559375,286.1921499460841,2990149204,2990149208,5016802692,24994935488,34.83394074696116,2990557696,2992635904,18571264,732676096,33675137024,103079215104,82463372083,NVIDIA GeForce RTX 5070,12378112000,2990557696,2992635904,3157006848,4861198336,4621789696,4861198336,1631232000,1868562432,132894720,5725224960,10897797939,0.85,f4cc65515d79d66ff7ab1f02d53518e0b063fc99,8e139a6b7930691ffd6308786abbbfcafcbf4d8a,1779631,0,,2026-09-17T19:23:20.810753+00:00,2026-09-17T19:23:57.168629+00:00,
sht_bench.torch_bc_resolution_scaling.v1,performance,phase_b_batch,721x1440x720,721,1440,720,vector,runtime_fold,float32,64,forward,completed,,2,3,"[0.133054417, 0.1328794, 0.132945985]",0.132945985,0.1328794,132.94598499999998,2.0772810156249997,481.3985168487789,2990149204,2990149208,6611539332,24994935488,34.4227571550291,2990557696,2992635904,18571264,732811264,33676255232,103079215104,82463372083,NVIDIA GeForce RTX 5070,12378112000,2990557696,2992635904,3555691008,10437525504,9396795392,10437525504,6406237696,7444889600,531578880,12547679847,10897797939,0.85,f4cc65515d79d66ff7ab1f02d53518e0b063fc99,8e139a6b7930691ffd6308786abbbfcafcbf4d8a,1779898,0,,2026-09-17T19:23:57.870995+00:00,2026-09-17T19:24:34.193546+00:00,
sht_bench.torch_bc_resolution_scaling.v1,performance,phase_b_batch,721x1440x720,721,1440,720,vector,runtime_fold,float32,128,forward,skipped_predicted_capacity,corrected adaptive model predicts capacity risk; the prior unmapped-peak run is retained in manifest history,,,,,,,,,,2990149208,8737854852,24994935488,,,,,,,,82463372083,,,,,,,,,,,,21447154074,10897797939,0.85,,,,,,,,
sht_bench.torch_bc_resolution_scaling.v1,performance,phase_b_batch,721x1440x720,721,1440,720,vector,precomputed_projection,float32,4,forward,completed,,2,3,"[0.027991056, 0.027988973, 0.028102795]",0.027991056,0.027988973,27.991056,6.997764,142.90279009123486,5980262400,5980262400,9103288320,48915841024,193.17932333610952,5981077504,5981077504,18534400,799145984,39674621952,103079215104,82463372083,NVIDIA GeForce RTX 5070,12378112000,5981077504,5981077504,6048186368,6182404096,6149038080,6182404096,167960576,201326592,33223680,7542615245,10897797939,0.85,f4cc65515d79d66ff7ab1f02d53518e0b063fc99,8e139a6b7930691ffd6308786abbbfcafcbf4d8a,1780340,0,"/home/albert/sht_bench/scripts/torch_bc_resolution_scaling.py:781: UserWarning: Complex modules are a new feature under active development whose design may change, and some modules might not work as expected when using complex tensors as parameters or buffers. Please file an issue at https://github.com/pytorch/pytorch/issues/new?template=bug-report.yml if a complex module does not work as expected.
  module = module.to(device=device, dtype=target_dtype).eval()
",2026-09-17T19:25:11.166151+00:00,2026-09-17T19:28:25.623271+00:00,
sht_bench.torch_bc_resolution_scaling.v1,performance,phase_b_batch,721x1440x720,721,1440,720,vector,precomputed_projection,float32,16,forward,completed,,2,3,"[0.033768631, 0.03382218, 0.033803877]",0.033803877,0.033768631,33.803877,2.1127423125,473.31848947385527,5980262400,5980262400,9501972480,48915841024,192.64295038813725,5981077504,5981077504,18542592,799195136,39674875904,103079215104,82463372083,NVIDIA GeForce RTX 5070,12378112000,5981077504,5981077504,6147526656,6685720576,6547626496,6685720576,566548992,704643072,132894720,8022864692,10897797939,0.85,f4cc65515d79d66ff7ab1f02d53518e0b063fc99,8e139a6b7930691ffd6308786abbbfcafcbf4d8a,1783797,0,"/home/albert/sht_bench/scripts/torch_bc_resolution_scaling.py:781: UserWarning: Complex modules are a new feature under active development whose design may change, and some modules might not work as expected when using complex tensors as parameters or buffers. Please file an issue at https://github.com/pytorch/pytorch/issues/new?template=bug-report.yml if a complex module does not work as expected.
  module = module.to(device=device, dtype=target_dtype).eval()
",2026-09-17T19:28:26.381023+00:00,2026-09-17T19:31:40.302664+00:00,
sht_bench.torch_bc_resolution_scaling.v1,performance,phase_c_float64,361x720x360,361,720,360,scalar,runtime_fold,float64,1,forward,completed,,2,5,"[0.001803525, 0.001775563, 0.001675887, 0.001659436, 0.001663924]",0.001675887,0.001659436,1.6758870000000001,1.6758870000000001,596.6989421124455,374302448,374302456,569771124,4068161472,1.9063339598942548,374303232,377487360,18763776,736706560,1482313728,103079215104,82463372083,NVIDIA GeForce RTX 5070,12378112000,374303232,377487360,409937408,457179136,432770560,457179136,58467328,79691776,2079360,,10897797939,0.85,f4cc65515d79d66ff7ab1f02d53518e0b063fc99,8e139a6b7930691ffd6308786abbbfcafcbf4d8a,1788699,0,,2026-09-17T19:35:27.400585+00:00,2026-09-17T19:35:30.574443+00:00,
sht_bench.torch_bc_resolution_scaling.v1,performance,phase_c_float64,361x720x360,361,720,360,scalar,precomputed_projection,float64,1,forward,completed,,2,5,"[0.002197811, 0.002188573, 0.00218131, 0.002189966, 0.002194354]",0.002189966,0.00218131,2.1899659999999996,2.1899659999999996,456.62809376949235,748569600,748569600,1131171840,7062298624,9.112295868108049,748683264,748683264,18817024,732844032,3731120128,103079215104,82463372083,NVIDIA GeForce RTX 5070,12378112000,748683264,748683264,784317440,803209216,790556160,803209216,41872896,54525952,2079360,,10897797939,0.85,f4cc65515d79d66ff7ab1f02d53518e0b063fc99,8e139a6b7930691ffd6308786abbbfcafcbf4d8a,1788785,0,"/home/albert/sht_bench/scripts/torch_bc_resolution_scaling.py:786: UserWarning: Complex modules are a new feature under active development whose design may change, and some modules might not work as expected when using complex tensors as parameters or buffers. Please file an issue at https://github.com/pytorch/pytorch/issues/new?template=bug-report.yml if a complex module does not work as expected.
  module = module.to(device=device, dtype=target_dtype).eval()
",2026-09-17T19:35:31.287317+00:00,2026-09-17T19:35:41.735779+00:00,
sht_bench.torch_bc_resolution_scaling.v1,performance,phase_c_float64,361x720x360,361,720,360,vector,runtime_fold,float64,1,forward,completed,,2,5,"[0.005495503, 0.005476467, 0.005484602, 0.005471107, 0.005474414]",0.005476467,0.005471107,5.4764669999999995,5.4764669999999995,182.59947517258848,748587248,748587256,1139515764,7062439872,5.387460062978789,748701696,750780416,18771968,732876800,4858494976,103079215104,82463372083,NVIDIA GeForce RTX 5070,12378112000,748701696,750780416,786415104,851443712,832069632,851443712,83367936,100663296,4158720,,10897797939,0.85,f4cc65515d79d66ff7ab1f02d53518e0b063fc99,8e139a6b7930691ffd6308786abbbfcafcbf4d8a,1788861,0,,2026-09-17T19:35:42.508217+00:00,2026-09-17T19:35:49.172361+00:00,
sht_bench.torch_bc_resolution_scaling.v1,performance,phase_c_float64,361x720x360,361,720,360,vector,precomputed_projection,float64,1,forward,completed,,2,5,"[0.008611115, 0.008577122, 0.008592431, 0.008611126, 0.008611006]",0.008611006,0.008577122,8.611006,8.611006,116.13044979878079,1497139200,1497139200,2262343680,13050855424,14.703854602063075,1497366528,1497366528,18767872,733200384,7160737792,103079215104,82463372083,NVIDIA GeForce RTX 5070,12378112000,1497366528,1497366528,1535079936,1551892480,1547745280,1551892480,50378752,54525952,4158720,,10897797939,0.85,f4cc65515d79d66ff7ab1f02d53518e0b063fc99,8e139a6b7930691ffd6308786abbbfcafcbf4d8a,1788937,0,"/home/albert/sht_bench/scripts/torch_bc_resolution_scaling.py:786: UserWarning: Complex modules are a new feature under active development whose design may change, and some modules might not work as expected when using complex tensors as parameters or buffers. Please file an issue at https://github.com/pytorch/pytorch/issues/new?template=bug-report.yml if a complex module does not work as expected.
  module = module.to(device=device, dtype=target_dtype).eval()
",2026-09-17T19:35:49.886719+00:00,2026-09-17T19:36:05.976519+00:00,
sht_bench.torch_bc_resolution_scaling.v1,performance,phase_c_float64,481x960x480,481,960,480,scalar,runtime_fold,float64,1,forward,completed,,2,5,"[0.003486805, 0.003442673, 0.003429177, 0.003422956, 0.003422305]",0.003429177,0.003422305,3.4291769999999997,3.4291769999999997,291.6151601390071,886602728,886602736,1344680424,8166563712,2.4877484240569174,887119360,889192448,18812928,739897344,2509479936,103079215104,82463372083,NVIDIA GeForce RTX 5070,12378112000,887119360,889192448,924367872,985661440,964949504,985661440,77830144,96468992,3694080,,10897797939,0.85,f4cc65515d79d66ff7ab1f02d53518e0b063fc99,8e139a6b7930691ffd6308786abbbfcafcbf4d8a,1789081,0,,2026-09-17T19:36:06.728175+00:00,2026-09-17T19:36:10.578085+00:00,
sht_bench.torch_bc_resolution_scaling.v1,performance,phase_c_float64,481x960x480,481,960,480,scalar,precomputed_projection,float64,1,forward,completed,,2,5,"[0.003073003, 0.00307686, 0.003063485, 0.003062835, 0.003068555]",0.003068555,0.003062835,3.0685550000000004,3.0685550000000004,325.8862884973546,1773158400,1773158400,2674513920,15259009024,12.82475614384748,1774190592,1774190592,18767872,732712960,7880388608,103079215104,82463372083,NVIDIA GeForce RTX 5070,12378112000,1774190592,1774190592,1811439104,1828716544,1822521856,1828716544,48331264,54525952,3694080,,10897797939,0.85,f4cc65515d79d66ff7ab1f02d53518e0b063fc99,8e139a6b7930691ffd6308786abbbfcafcbf4d8a,1789157,0,"/home/albert/sht_bench/scripts/torch_bc_resolution_scaling.py:786: UserWarning: Complex modules are a new feature under active development whose design may change, and some modules might not work as expected when using complex tensors as parameters or buffers. Please file an issue at https://github.com/pytorch/pytorch/issues/new?template=bug-report.yml if a complex module does not work as expected.
  module = module.to(device=device, dtype=target_dtype).eval()
",2026-09-17T19:36:11.346093+00:00,2026-09-17T19:36:25.479902+00:00,
sht_bench.torch_bc_resolution_scaling.v1,performance,phase_c_float64,481x960x480,481,960,480,vector,runtime_fold,float64,1,forward,completed,,2,5,"[0.012351023, 0.012367934, 0.012379616, 0.012340233, 0.012348488]",0.012351023,0.012340233,12.351023,12.351023,80.9649532674338,1773181928,1773181936,2689325544,15259197312,10.719132356112823,1774214656,1776287744,18718720,732790784,10509246464,103079215104,82463372083,NVIDIA GeForce RTX 5070,12378112000,1774214656,1776287744,1815157248,1918894080,1896304640,1918894080,122089984,142606336,7388160,,10897797939,0.85,f4cc65515d79d66ff7ab1f02d53518e0b063fc99,8e139a6b7930691ffd6308786abbbfcafcbf4d8a,1789233,0,,2026-09-17T19:36:26.217388+00:00,2026-09-17T19:36:38.291084+00:00,
sht_bench.torch_bc_resolution_scaling.v1,performance,phase_c_float64,481x960x480,481,960,480,vector,precomputed_projection,float64,1,forward,completed,,2,5,"[0.012063056, 0.012036756, 0.012028532, 0.012043449, 0.012035905]",0.012036756,0.012028532,12.036755999999999,12.036755999999999,83.07886277664846,3546316800,3546316800,5349027840,29444276224,38.89312446699478,3546316800,3548381184,18755584,733085696,12465922048,103079215104,82463372083,NVIDIA GeForce RTX 5070,12378112000,3546316800,3548381184,3587259392,3623878656,3609416704,3623878656,63099904,75497472,7388160,,10897797939,0.85,f4cc65515d79d66ff7ab1f02d53518e0b063fc99,8e139a6b7930691ffd6308786abbbfcafcbf4d8a,1789382,0,"/home/albert/sht_bench/scripts/torch_bc_resolution_scaling.py:786: UserWarning: Complex modules are a new feature under active development whose design may change, and some modules might not work as expected when using complex tensors as parameters or buffers. Please file an issue at https://github.com/pytorch/pytorch/issues/new?template=bug-report.yml if a complex module does not work as expected.
  module = module.to(device=device, dtype=target_dtype).eval()
",2026-09-17T19:36:38.967277+00:00,2026-09-17T19:37:19.271799+00:00,
